{
  "items": [
    {
      "name": "Idle",
      "price": 20
    },
    {
      "name": "Chapathi",
      "price": 30
    },
    {
      "name": "Dosa",
      "price": 30
    },
    {
      "name": "Wada",
      "price": 25
    },
    {
      "name": "Puri",
      "price": 30
    },
    {
      "name": "Veg Fried Rice",
      "price": 80
    },
    {
      "name": "Non veg Fried Rice",
      "price": 110
    },
    {
      "name": "Veg Biryani",
      "price": 90
    },
    {
      "name": "Non Veg Biryani",
      "price": 150
    },
    {
      "name": "Meals",
      "price": 70
    }
  ],
  "order": [
    {
      "customerName": "Lakshman",
      "discount": 142,
      "tax": 56.8,
      "billamount": "1334.8",
      "orderitems": [
        {
          "name": "Dosa",
          "price": 30,
          "quantity": "3"
        },
        {
          "name": "Non veg Fried Rice",
          "price": 110,
          "quantity": 1
        },
        {
          "name": "Veg Biryani",
          "price": 90,
          "quantity": 1
        },
        {
          "name": "Non veg Fried Rice",
          "price": 110,
          "quantity": 1
        }
      ],
      "id": 1
    },
    {
      "customerName": "",
      "discount": 2,
      "tax": 0.8,
      "billamount": "18.8",
      "orderitems": [
        {
          "name": "Idle",
          "price": 20,
          "quantity": 1
        }
      ],
      "id": 2
    },
    {
      "customerName": "suri",
      "discount": 20,
      "tax": 8,
      "billamount": "188",
      "orderitems": [
        {
          "name": "Idle",
          "price": 20,
          "quantity": "4"
        },
        {
          "name": "Chapathi",
          "price": 30,
          "quantity": 1
        },
        {
          "name": "Dosa",
          "price": 30,
          "quantity": "3"
        }
      ],
      "id": 3
    },
    {
      "customerName": "Naidu",
      "discount": 76,
      "tax": 30.4,
      "billamount": "714.4",
      "orderitems": [
        {
          "name": "Idle",
          "price": 20,
          "quantity": 1
        },
        {
          "name": "Chapathi",
          "price": 30,
          "quantity": "6"
        },
        {
          "name": "Non veg Fried Rice",
          "price": 110,
          "quantity": 1
        },
        {
          "name": "Non Veg Biryani",
          "price": 150,
          "quantity": "3"
        }
      ],
      "id": 4
    },
    {
      "customerName": "rohini",
      "discount": 32,
      "tax": 12.8,
      "billamount": "300.8",
      "orderitems": [
        {
          "name": "Idle",
          "price": 20,
          "quantity": "2"
        },
        {
          "name": "Puri",
          "price": 30,
          "quantity": 1
        },
        {
          "name": "Meals",
          "price": 70,
          "quantity": 1
        },
        {
          "name": "Veg Biryani",
          "price": 90,
          "quantity": "2"
        }
      ],
      "id": 5
    },
    {
      "customerName": "",
      "discount": 11.5,
      "tax": 4.6,
      "billamount": "108.1",
      "orderitems": [
        {
          "name": "Wada",
          "price": 25,
          "quantity": 1
        },
        {
          "name": "Veg Biryani",
          "price": 90,
          "quantity": 1
        }
      ],
      "id": 6
    },
    {
      "customerName": "233",
      "discount": 34.5,
      "tax": 13.8,
      "billamount": "324.3",
      "orderitems": [
        {
          "name": "Wada",
          "price": 25,
          "quantity": 1
        },
        {
          "name": "Veg Biryani",
          "price": 90,
          "quantity": 1
        },
        {
          "name": "Dosa",
          "price": 30,
          "quantity": 1
        },
        {
          "name": "Veg Biryani",
          "price": 90,
          "quantity": 1
        },
        {
          "name": "Non veg Fried Rice",
          "price": 110,
          "quantity": 1
        }
      ],
      "id": 7
    },
    {
      "customerName": "",
      "discount": 4.5,
      "tax": 1.8,
      "billamount": "42.3",
      "orderitems": [
        {
          "name": "Idle",
          "price": 20,
          "quantity": 1
        },
        {
          "name": "Wada",
          "price": 25,
          "quantity": 1
        }
      ],
      "id": 8
    },
    {
      "customerName": "",
      "discount": 13.5,
      "tax": 5.4,
      "billamount": "126.9",
      "orderitems": [
        {
          "name": "Wada",
          "price": 25,
          "quantity": 1
        },
        {
          "name": "Dosa",
          "price": 30,
          "quantity": 1
        },
        {
          "name": "Veg Fried Rice",
          "price": 80,
          "quantity": 1
        }
      ],
      "id": 9
    },
    {
      "customerName": "",
      "discount": 22.5,
      "tax": 9,
      "billamount": "211.5",
      "orderitems": [
        {
          "name": "Wada",
          "price": 25,
          "quantity": 1
        },
        {
          "name": "Veg Biryani",
          "price": 90,
          "quantity": 1
        },
        {
          "name": "Non veg Fried Rice",
          "price": 110,
          "quantity": 1
        }
      ],
      "id": 10
    },
    {
      "customerName": "",
      "discount": 5.5,
      "tax": 2.2,
      "billamount": "51.7",
      "orderitems": [
        {
          "name": "Wada",
          "price": 25,
          "quantity": 1
        },
        {
          "name": "Dosa",
          "price": 30,
          "quantity": 1
        }
      ],
      "id": 11
    }
  ]
}